Rodada,Data,Time da Casa,Placar,Time Visitante
1,23/04/05,Paraná,0-2,Goiás
1,23/04/05,Atlético-MG,4-1,Figueirense
1,23/04/05,São Caetano,2-2,Palmeiras
1,23/04/05,Flamengo,1-1,Cruzeiro
1,24/04/05,Internacional,0-2,Botafogo
1,24/04/05,Fortaleza,0-1,Coritiba
1,24/04/05,Fluminense,2-1,São Paulo
1,24/04/05,Corinthians,2-2,Juventude
1,24/04/05,Athletico-PR,0-1,Ponte Preta
1,24/04/05,Brasiliense,2-2,Vasco da Gama
1,24/04/05,Santos,4-1,Paysandu
2,30/04/05,Goiás,0-0,São Caetano
2,30/04/05,Vasco da Gama,0-0,Fortaleza
2,30/04/05,Palmeiras,2-1,Brasiliense
2,30/04/05,Ponte Preta,3-3,Atlético-MG
2,30/04/05,São Paulo,1-1,Paraná
2,01/05/05,Cruzeiro,3-2,Internacional
2,01/05/05,Juventude,1-0,Athletico-PR
2,01/05/05,Figueirense,0-1,Flamengo
2,01/05/05,Botafogo,3-1,Corinthians
2,01/05/05,Coritiba,2-3,Santos
2,01/05/05,Paysandu,1-2,Fluminense
3,07/05/05,Paraná,2-2,Juventude
3,07/05/05,Goiás,0-0,Figueirense
3,07/05/05,Ponte Preta,2-0,Paysandu
3,07/05/05,Santos,2-1,Athletico-PR
3,08/05/05,Internacional,1-0,Flamengo
3,08/05/05,Coritiba,1-0,Palmeiras
3,08/05/05,Corinthians,1-5,São Paulo
3,08/05/05,Fluminense,2-1,Cruzeiro
3,08/05/05,São Caetano,2-1,Fortaleza
3,08/05/05,Atlético-MG,0-1,Brasiliense
4,14/05/05,Fortaleza,2-1,Ponte Preta
4,14/05/05,Botafogo,2-1,Atlético-MG
4,14/05/05,São Paulo,1-0,Coritiba
4,14/05/05,Figueirense,1-2,Internacional
4,15/05/05,Cruzeiro,3-1,Goiás
4,15/05/05,Juventude,4-1,Vasco da Gama
4,15/05/05,Athletico-PR,1-2,Corinthians
4,15/05/05,Paysandu,3-2,São Caetano
4,15/05/05,Palmeiras,1-2,Paraná
4,15/05/05,Flamengo,2-1,Santos
4,15/05/05,Brasiliense,0-3,Fluminense
5,21/05/05,Paraná,1-1,Ponte Preta
5,21/05/05,Juventude,2-0,Paysandu
5,21/05/05,Fortaleza,2-0,Brasiliense
5,21/05/05,Fluminense,2-4,Coritiba
5,21/05/05,Goiás,4-0,Botafogo
5,22/05/05,Santos,3-0,Atlético-MG
5,22/05/05,São Caetano,1-0,Flamengo
5,22/05/05,Vasco da Gama,3-1,São Paulo
5,22/05/05,Athletico-PR,1-3,Internacional
5,22/05/05,Corinthians,2-1,Figueirense
5,22/05/05,Cruzeiro,2-0,Palmeiras
6,28/05/05,Paysandu,1-0,Goiás
6,28/05/05,São Paulo,1-1,Cruzeiro
6,28/05/05,Figueirense,2-0,São Caetano
6,29/05/05,Palmeiras,2-1,Santos
6,29/05/05,Flamengo,0-0,Fluminense
6,29/05/05,Ponte Preta,4-2,Vasco da Gama
6,29/05/05,Atlético-MG,0-1,Corinthians
6,29/05/05,Brasiliense,1-0,Paraná
6,29/05/05,Botafogo,2-0,Athletico-PR
6,29/05/05,Coritiba,1-2,Juventude
6,29/05/05,Internacional,1-0,Fortaleza
7,11/06/05,Paraná,3-0,Fortaleza
7,11/06/05,Cruzeiro,1-2,Ponte Preta
7,11/06/05,São Caetano,2-0,Brasiliense
7,11/06/05,Athletico-PR,0-0,Figueirense
7,11/06/05,Goiás,2-1,Palmeiras
7,11/06/05,Botafogo,3-2,Juventude
7,12/06/05,Santos,1-1,Fluminense
7,12/06/05,Internacional,1-1,Atlético-MG
7,12/06/05,Corinthians,4-2,Flamengo
7,12/06/05,Vasco da Gama,2-2,Coritiba
7,12/06/05,Paysandu,2-2,São Paulo
8,18/06/05,Palmeiras,5-2,Vasco da Gama
8,18/06/05,Brasiliense,2-4,Corinthians
8,18/06/05,Figueirense,3-3,Paysandu
8,18/06/05,Flamengo,1-1,Athletico-PR
8,18/06/05,Atlético-MG,2-3,São Caetano
8,18/06/05,Ponte Preta,2-0,Goiás
8,19/06/05,São Paulo,1-0,Botafogo
8,19/06/05,Coritiba,2-1,Paraná
8,19/06/05,Fluminense,3-0,Internacional
8,19/06/05,Juventude,0-0,Cruzeiro
8,19/06/05,Fortaleza,0-0,Santos
9,25/06/05,Paraná,1-0,Atlético-MG
9,25/06/05,Juventude,1-3,Ponte Preta
9,25/06/05,São Paulo,1-3,Internacional
9,25/06/05,Flamengo,3-4,Brasiliense
9,26/06/05,Botafogo,0-1,Figueirense
9,26/06/05,Corinthians,0-1,Fluminense
9,26/06/05,São Caetano,1-3,Santos
9,26/06/05,Goiás,2-1,Coritiba
9,26/06/05,Athletico-PR,0-0,Fortaleza
9,26/06/05,Paysandu,2-1,Palmeiras
9,26/06/05,Cruzeiro,3-3,Vasco da Gama
10,02/07/05,Coritiba,3-1,Paysandu
10,02/07/05,Fluminense,0-1,Paraná
10,02/07/05,Vasco da Gama,1-2,Goiás
10,03/07/05,Fortaleza,2-1,Corinthians
10,03/07/05,Figueirense,0-0,Cruzeiro
10,03/07/05,Atlético-MG,3-1,Flamengo
10,03/07/05,Internacional,2-1,São Caetano
10,03/07/05,Palmeiras,4-1,Botafogo
10,03/07/05,Santos,0-0,Juventude
10,03/07/05,Brasiliense,2-1,Athletico-PR
11,09/07/05,Paraná,3-0,Figueirense
11,09/07/05,Juventude,2-1,Brasiliense
11,09/07/05,Paysandu,1-2,Fortaleza
11,09/07/05,São Paulo,2-0,Flamengo
11,09/07/05,São Caetano,2-1,Ponte Preta
11,10/07/05,Corinthians,3-1,Palmeiras
11,10/07/05,Botafogo,1-2,Fluminense
11,10/07/05,Goiás,3-4,Santos
11,10/07/05,Vasco da Gama,2-4,Internacional
11,10/07/05,Athletico-PR,1-0,Coritiba
11,10/07/05,Cruzeiro,2-1,Atlético-MG
12,16/07/05,Ponte Preta,2-1,Figueirense
12,16/07/05,Goiás,1-3,Brasiliense
12,16/07/05,Fluminense,0-1,São Caetano
12,16/07/05,Paraná,2-3,Corinthians
12,17/07/05,Santos,2-1,São Paulo
12,17/07/05,Flamengo,1-0,Vasco da Gama
12,17/07/05,Coritiba,0-3,Botafogo
12,17/07/05,Atlético-MG,2-3,Athletico-PR
12,17/07/05,Internacional,5-2,Juventude
12,17/07/05,Palmeiras,1-2,Fortaleza
13,20/07/05,São Caetano,1-1,Paraná
13,20/07/05,Botafogo,4-2,Ponte Preta
13,20/07/05,Fortaleza,1-4,Atlético-MG
13,20/07/05,Athletico-PR,3-2,Fluminense
13,20/07/05,Internacional,2-3,Goiás
13,20/07/05,Santos,2-3,Vasco da Gama
13,20/07/05,Figueirense,1-4,Palmeiras
13,20/07/05,Brasiliense,3-3,São Paulo
13,21/07/05,Flamengo,3-4,Juventude
13,21/07/05,Cruzeiro,2-2,Coritiba
13,21/07/05,Corinthians,3-2,Paysandu
14,23/07/05,Paraná,2-0,Athletico-PR
14,23/07/05,Botafogo,1-1,Brasiliense
14,23/07/05,Goiás,2-1,Fortaleza
14,23/07/05,São Paulo,0-1,São Caetano
14,24/07/05,Vasco da Gama,2-3,Corinthians
14,24/07/05,Coritiba,3-2,Flamengo
14,24/07/05,Palmeiras,1-0,Atlético-MG
14,24/07/05,Ponte Preta,2-1,Fluminense
14,24/07/05,Cruzeiro,3-2,Santos
14,24/07/05,Paysandu,1-2,Internacional
15,27/07/05,Fortaleza,2-0,Juventude
15,27/07/05,Fluminense,1-1,Goiás
15,27/07/05,São Caetano,0-1,Botafogo
15,27/07/05,Corinthians,4-3,Cruzeiro
15,27/07/05,Athletico-PR,7-2,Vasco da Gama
15,27/07/05,Santos,0-1,Ponte Preta
15,27/07/05,Atlético-MG,0-0,São Paulo
15,28/07/05,Brasiliense,0-0,Paysandu
15,28/07/05,Flamengo,0-0,Palmeiras
15,28/07/05,Figueirense,0-0,Coritiba
15,28/07/05,Internacional,0-2,Paraná
16,30/07/05,Cruzeiro,3-0,Fortaleza
16,30/07/05,Goiás,3-1,Atlético-MG
16,30/07/05,Vasco da Gama,3-2,São Caetano
16,31/07/05,Figueirense,1-1,Fluminense
16,31/07/05,Coritiba,1-1,Brasiliense
16,31/07/05,Botafogo,0-2,Flamengo
16,31/07/05,Ponte Preta,1-1,Internacional
16,31/07/05,Paysandu,3-4,Paraná
16,31/07/05,Juventude,2-1,São Paulo
16,31/07/05,Palmeiras,1-1,Athletico-PR
17,03/08/05,Brasiliense,1-2,Cruzeiro
17,03/08/05,São Caetano,1-1,Juventude
17,03/08/05,Corinthians,3-0,Coritiba
17,03/08/05,Athletico-PR,1-0,Goiás
17,03/08/05,Atlético-MG,2-2,Paysandu
17,03/08/05,Internacional,0-1,Santos
17,03/08/05,Flamengo,1-0,Ponte Preta
17,03/08/05,Paraná,2-0,Botafogo
17,04/08/05,Fluminense,3-2,Vasco da Gama
17,04/08/05,Fortaleza,5-2,Figueirense
17,04/08/05,São Paulo,3-3,Palmeiras
18,06/08/05,Athletico-PR,5-4,Cruzeiro
18,06/08/05,Corinthians,0-2,São Caetano
18,06/08/05,Botafogo,2-0,Paysandu
18,07/08/05,Juventude,1-2,Palmeiras
18,07/08/05,Paraná,1-1,Santos
18,07/08/05,Fortaleza,2-1,Flamengo
18,07/08/05,Brasiliense,0-0,Internacional
18,07/08/05,Atlético-MG,1-2,Fluminense
18,07/08/05,Ponte Preta,0-3,Coritiba
18,07/08/05,São Paulo,0-1,Goiás
19,10/08/05,São Caetano,3-2,Athletico-PR
19,10/08/05,Paysandu,0-2,Vasco da Gama
19,10/08/05,Coritiba,1-0,Atlético-MG
19,10/08/05,Palmeiras,2-1,Ponte Preta
19,10/08/05,Internacional,0-0,Corinthians
19,10/08/05,Figueirense,3-1,São Paulo
19,11/08/05,Santos,1-1,Brasiliense
19,11/08/05,Fluminense,2-0,Fortaleza
19,11/08/05,Flamengo,1-1,Paraná
19,11/08/05,Goiás,1-0,Juventude
20,13/08/05,Coritiba,2-2,São Caetano
20,13/08/05,Palmeiras,3-2,Internacional
20,13/08/05,Paysandu,2-1,Athletico-PR
20,14/08/05,Ponte Preta,3-5,Corinthians
20,14/08/05,Vasco da Gama,2-1,Atlético-MG
20,14/08/05,Figueirense,2-2,Brasiliense
20,14/08/05,Goiás,2-0,Flamengo
20,14/08/05,Cruzeiro,0-1,Paraná
20,14/08/05,São Paulo,3-2,Fortaleza
20,14/08/05,Botafogo,3-3,Santos
21,20/08/05,Atlético-MG,2-1,Juventude
21,20/08/05,São Caetano,0-1,Cruzeiro
21,20/08/05,Athletico-PR,4-2,São Paulo
21,21/08/05,Corinthians,1-1,Goiás
21,21/08/05,Paraná,0-0,Vasco da Gama
21,21/08/05,Fluminense,2-2,Palmeiras
21,21/08/05,Brasiliense,4-0,Ponte Preta
21,21/08/05,Fortaleza,3-1,Botafogo
21,21/08/05,Flamengo,2-1,Paysandu
21,21/08/05,Santos,4-3,Figueirense
22,24/08/05,Palmeiras,2-1,São Caetano
22,24/08/05,Ponte Preta,0-2,Athletico-PR
22,24/08/05,Goiás,1-1,Paraná
22,24/08/05,Vasco da Gama,1-0,Brasiliense
22,24/08/05,São Paulo,1-1,Fluminense
22,24/08/05,Cruzeiro,0-0,Flamengo
22,24/08/05,Juventude,1-0,Corinthians
22,24/08/05,Paysandu,2-3,Santos
22,25/08/05,Botafogo,0-1,Internacional
22,25/08/05,Figueirense,0-1,Atlético-MG
22,25/08/05,Coritiba,2-0,Fortaleza
23,27/08/05,Athletico-PR,2-2,Juventude
23,27/08/05,São Caetano,0-1,Goiás
23,27/08/05,Brasiliense,3-2,Palmeiras
23,28/08/05,Paraná,0-4,São Paulo
23,28/08/05,Flamengo,2-2,Figueirense
23,28/08/05,Internacional,4-1,Cruzeiro
23,28/08/05,Corinthians,3-3,Botafogo
23,28/08/05,Atlético-MG,1-0,Ponte Preta
23,28/08/05,Fortaleza,4-2,Vasco da Gama
23,28/08/05,Fluminense,5-2,Paysandu
23,28/08/05,Santos,2-0,Coritiba
24,07/09/05,Botafogo,2-2,Vasco da Gama
24,07/09/05,Fortaleza,5-2,São Caetano
24,07/09/05,Brasiliense,1-2,Atlético-MG
24,07/09/05,Figueirense,3-0,Goiás
24,07/09/05,Juventude,2-0,Paraná
24,07/09/05,Cruzeiro,2-6,Fluminense
24,07/09/05,Athletico-PR,3-3,Santos
24,07/09/05,Paysandu,2-2,Ponte Preta
24,08/09/05,Flamengo,1-1,Internacional
24,08/09/05,Palmeiras,1-1,Coritiba
25,10/09/05,São Caetano,1-2,Paysandu
25,10/09/05,Goiás,1-0,Cruzeiro
25,11/09/05,Santos,0-0,Flamengo
25,11/09/05,Internacional,3-0,Figueirense
25,11/09/05,Vasco da Gama,5-2,Juventude
25,11/09/05,Paraná,1-3,Palmeiras
25,11/09/05,Corinthians,2-0,Athletico-PR
25,11/09/05,Ponte Preta,2-1,Fortaleza
25,11/09/05,Coritiba,1-4,São Paulo
25,11/09/05,Atlético-MG,0-2,Botafogo
26,17/09/05,Ponte Preta,1-0,Paraná
26,17/09/05,Paysandu,3-0,Juventude
26,17/09/05,Palmeiras,2-1,Cruzeiro
26,17/09/05,Flamengo,2-0,São Caetano
26,18/09/05,São Paulo,4-2,Vasco da Gama
26,18/09/05,Brasiliense,0-2,Fortaleza
26,18/09/05,Internacional,3-2,Athletico-PR
26,18/09/05,Figueirense,2-3,Corinthians
26,18/09/05,Botafogo,3-1,Goiás
26,18/09/05,Coritiba,0-0,Fluminense
26,18/09/05,Atlético-MG,3-0,Santos
27,21/09/05,São Caetano,0-1,Figueirense
27,21/09/05,Fortaleza,1-2,Internacional
27,21/09/05,Goiás,4-1,Paysandu
27,21/09/05,Paraná,4-1,Brasiliense
27,21/09/05,Santos,2-1,Palmeiras
27,21/09/05,Cruzeiro,2-3,São Paulo
27,21/09/05,Fluminense,2-2,Flamengo
27,22/09/05,Juventude,0-0,Coritiba
27,22/09/05,Vasco da Gama,0-0,Ponte Preta
27,22/09/05,Corinthians,1-1,Atlético-MG
27,22/09/05,Athletico-PR,2-0,Botafogo
28,24/09/05,São Paulo,4-1,Paysandu
28,24/09/05,Brasiliense,1-1,São Caetano
28,24/09/05,Fortaleza,2-2,Paraná
28,25/09/05,Juventude,0-0,Botafogo
28,25/09/05,Figueirense,2-0,Athletico-PR
28,25/09/05,Ponte Preta,2-3,Cruzeiro
28,25/09/05,Coritiba,2-0,Vasco da Gama
28,25/09/05,Flamengo,1-3,Corinthians
28,25/09/05,Palmeiras,3-1,Goiás
28,25/09/05,Fluminense,4-3,Santos
28,25/09/05,Atlético-MG,1-1,Internacional
29,01/10/05,Paraná,3-2,Coritiba
29,01/10/05,Goiás,4-1,Ponte Preta
29,01/10/05,Cruzeiro,2-0,Juventude
29,01/10/05,Paysandu,3-1,Figueirense
29,01/10/05,São Caetano,3-1,Atlético-MG
29,01/10/05,Santos,0-0,Fortaleza
29,02/10/05,Internacional,2-2,Fluminense
29,02/10/05,Vasco da Gama,0-0,Palmeiras
29,02/10/05,Corinthians,3-2,Brasiliense
29,02/10/05,Botafogo,1-1,São Paulo
29,02/10/05,Athletico-PR,2-0,Flamengo
30,04/10/05,Santos,2-0,São Caetano
30,04/10/05,Ponte Preta,3-2,Juventude
30,04/10/05,Coritiba,0-2,Goiás
30,04/10/05,Atlético-MG,0-1,Paraná
30,05/10/05,Figueirense,1-0,Botafogo
30,05/10/05,Fortaleza,1-4,Athletico-PR
30,05/10/05,Vasco da Gama,3-3,Cruzeiro
30,05/10/05,Palmeiras,5-3,Paysandu
30,05/10/05,Brasiliense,2-3,Flamengo
30,05/10/05,Fluminense,0-2,Corinthians
30,05/10/05,Internacional,3-0,São Paulo
31,08/10/05,Botafogo,1-2,Palmeiras
31,08/10/05,Corinthians,3-0,Fortaleza
31,08/10/05,Paraná,6-1,Fluminense
31,08/10/05,Juventude,3-1,Santos
31,08/10/05,Goiás,4-3,Vasco da Gama
31,08/10/05,Cruzeiro,4-0,Figueirense
31,11/10/05,São Caetano,1-1,Internacional
31,11/10/05,São Paulo,3-2,Ponte Preta
31,11/10/05,Flamengo,1-2,Atlético-MG
31,11/10/05,Athletico-PR,4-0,Brasiliense
31,11/10/05,Paysandu,2-1,Coritiba
18,12/10/05,Vasco da Gama,3-3,Figueirense
19,12/10/05,Cruzeiro,2-2,Botafogo
20,12/10/05,Juventude,3-4,Fluminense
16,13/10/05,Santos,2-3,Corinthians
32,15/10/05,Fluminense,3-2,Botafogo
32,15/10/05,Fortaleza,1-2,Paysandu
32,15/10/05,Brasiliense,1-0,Juventude
32,15/10/05,Figueirense,2-0,Paraná
32,15/10/05,Coritiba,1-2,Athletico-PR
32,16/10/05,Internacional,3-1,Vasco da Gama
32,16/10/05,Palmeiras,1-1,Corinthians
32,16/10/05,Atlético-MG,0-1,Cruzeiro
32,16/10/05,Flamengo,1-6,São Paulo
32,16/10/05,Santos,1-1,Goiás
32,16/10/05,Ponte Preta,1-2,São Caetano
3,19/10/05,Vasco da Gama,1-0,Botafogo
10,19/10/05,Ponte Preta,2-0,São Paulo
12,19/10/05,Paysandu,4-1,Cruzeiro
14,19/10/05,Juventude,2-2,Figueirense
33,21/10/05,Brasiliense,1-2,Goiás
33,21/10/05,São Caetano,2-2,Fluminense
33,22/10/05,Vasco da Gama,2-1,Flamengo
33,22/10/05,Corinthians,1-0,Paraná
33,22/10/05,Fortaleza,1-1,Palmeiras
33,22/10/05,Athletico-PR,2-0,Atlético-MG
33,22/10/05,Juventude,2-1,Internacional
33,22/10/05,Cruzeiro,4-3,Paysandu
33,22/10/05,Figueirense,4-0,Ponte Preta
33,22/10/05,Botafogo,2-0,Coritiba
33,22/10/05,São Paulo,1-2,Santos
24,24/10/05,São Paulo,1-1,Corinthians
25,24/10/05,Fluminense,1-1,Brasiliense
34,25/10/05,Coritiba,0-3,Cruzeiro
34,25/10/05,Goiás,0-1,Internacional
34,26/10/05,Atlético-MG,2-3,Fortaleza
34,26/10/05,Palmeiras,2-2,Figueirense
34,26/10/05,Vasco da Gama,1-3,Santos
34,26/10/05,Juventude,2-2,Flamengo
34,27/10/05,São Paulo,1-2,Brasiliense
34,27/10/05,Fluminense,4-1,Athletico-PR
34,27/10/05,Paysandu,0-2,Corinthians
34,27/10/05,Ponte Preta,0-1,Botafogo
21,28/10/05,Internacional,3-2,Coritiba
34,28/10/05,Paraná,1-3,São Caetano
35,29/10/05,Figueirense,4-3,Juventude
35,29/10/05,Fortaleza,1-1,Goiás
35,30/10/05,Atlético-MG,1-3,Palmeiras
35,30/10/05,Santos,1-2,Cruzeiro
35,30/10/05,Athletico-PR,2-1,Paraná
35,30/10/05,Corinthians,1-1,Vasco da Gama
35,30/10/05,São Caetano,0-1,São Paulo
35,30/10/05,Fluminense,4-3,Ponte Preta
35,30/10/05,Brasiliense,0-0,Botafogo
35,31/10/05,Internacional,1-0,Paysandu
35,31/10/05,Flamengo,2-1,Coritiba
36,02/11/05,São Paulo,2-2,Atlético-MG
36,02/11/05,Juventude,2-0,Fortaleza
36,02/11/05,Ponte Preta,2-1,Santos
36,02/11/05,Cruzeiro,2-1,Corinthians
36,02/11/05,Goiás,1-2,Fluminense
36,03/11/05,Coritiba,4-1,Figueirense
36,03/11/05,Palmeiras,0-1,Flamengo
36,03/11/05,Vasco da Gama,2-1,Athletico-PR
36,03/11/05,Botafogo,1-0,São Caetano
36,03/11/05,Paraná,3-1,Internacional
36,03/11/05,Paysandu,2-1,Brasiliense
37,05/11/05,São Paulo,3-1,Juventude
37,05/11/05,Fortaleza,3-1,Cruzeiro
37,06/11/05,Flamengo,3-1,Botafogo
37,06/11/05,São Caetano,1-2,Vasco da Gama
37,06/11/05,Corinthians,7-1,Santos
37,06/11/05,Internacional,2-1,Ponte Preta
37,06/11/05,Paraná,2-0,Paysandu
37,06/11/05,Atlético-MG,1-2,Goiás
37,06/11/05,Fluminense,2-0,Figueirense
37,06/11/05,Athletico-PR,4-0,Palmeiras
37,06/11/05,Brasiliense,1-1,Coritiba
38,12/11/05,Palmeiras,2-1,São Paulo
38,12/11/05,Botafogo,2-0,Paraná
38,12/11/05,Paysandu,0-2,Atlético-MG
38,12/11/05,Figueirense,1-0,Fortaleza
38,13/11/05,Goiás,4-2,Athletico-PR
38,13/11/05,Ponte Preta,2-2,Flamengo
38,13/11/05,Coritiba,0-1,Corinthians
38,13/11/05,Vasco da Gama,2-0,Fluminense
38,13/11/05,Cruzeiro,1-0,Brasiliense
38,13/11/05,Juventude,3-1,São Caetano
38,13/11/05,Santos,0-4,Internacional
39,16/11/05,Palmeiras,3-2,Juventude
39,16/11/05,Flamengo,3-0,Fortaleza
39,16/11/05,Goiás,3-0,São Paulo
39,16/11/05,Internacional,1-0,Brasiliense
39,16/11/05,São Caetano,1-0,Corinthians
39,16/11/05,Santos,0-0,Paraná
39,16/11/05,Figueirense,5-1,Vasco da Gama
39,17/11/05,Paysandu,2-0,Botafogo
39,17/11/05,Coritiba,2-1,Ponte Preta
39,17/11/05,Cruzeiro,1-2,Athletico-PR
39,17/11/05,Fluminense,0-2,Atlético-MG
40,19/11/05,São Paulo,4-2,Figueirense
40,19/11/05,Juventude,2-1,Goiás
40,19/11/05,Brasiliense,1-0,Santos
40,20/11/05,Paraná,0-1,Flamengo
40,20/11/05,Corinthians,1-1,Internacional
40,20/11/05,Athletico-PR,2-2,São Caetano
40,20/11/05,Vasco da Gama,4-0,Paysandu
40,20/11/05,Atlético-MG,1-0,Coritiba
40,20/11/05,Fortaleza,5-1,Fluminense
40,20/11/05,Ponte Preta,2-6,Palmeiras
40,20/11/05,Botafogo,2-1,Cruzeiro
41,27/11/05,Atlético-MG,0-0,Vasco da Gama
41,27/11/05,Brasiliense,0-2,Figueirense
41,27/11/05,Athletico-PR,3-2,Paysandu
41,27/11/05,São Caetano,1-1,Coritiba
41,27/11/05,Internacional,2-1,Palmeiras
41,27/11/05,Paraná,2-0,Cruzeiro
41,27/11/05,Fluminense,1-2,Juventude
41,27/11/05,Corinthians,3-1,Ponte Preta
41,27/11/05,Fortaleza,1-0,São Paulo
41,27/11/05,Flamengo,0-0,Goiás
41,27/11/05,Santos,2-1,Botafogo
42,04/12/05,São Paulo,3-1,Athletico-PR
42,04/12/05,Paysandu,1-4,Flamengo
42,04/12/05,Figueirense,3-1,Santos
42,04/12/05,Ponte Preta,3-1,Brasiliense
42,04/12/05,Vasco da Gama,3-1,Paraná
42,04/12/05,Coritiba,1-0,Internacional
42,04/12/05,Palmeiras,3-2,Fluminense
42,04/12/05,Juventude,1-3,Atlético-MG
42,04/12/05,Cruzeiro,1-3,São Caetano
42,04/12/05,Botafogo,2-0,Fortaleza
42,04/12/05,Goiás,3-2,Corinthians
