Rodada,Data,Time da Casa,Placar,Time Visitante
1,07/05/10,ASA,1-1,Ponte Preta
1,07/05/10,Bahia,1-0,América-RN
1,07/05/10,América-MG,0-0,Bragantino
1,07/05/10,Portuguesa,4-1,Vila Nova
1,08/05/10,Paraná,3-0,Ipatinga
1,08/05/10,Icasa,1-2,Santo André
1,08/05/10,Brasiliense,2-1,Sport
1,08/05/10,São Caetano,0-1,Figueirense
1,08/05/10,Náutico,3-1,Coritiba
1,08/05/10,Americana,3-1,Duque de Caxias
2,11/05/10,Sport,1-1,Americana
2,11/05/10,Santo André,1-1,Brasiliense
2,14/05/10,Vila Nova,1-0,Icasa
2,14/05/10,Coritiba,1-1,América-MG
2,14/05/10,Figueirense,2-1,Portuguesa
2,15/05/10,Bragantino,2-1,ASA
2,15/05/10,Duque de Caxias,1-2,Náutico
2,15/05/10,Ipatinga,1-2,Bahia
2,15/05/10,Ponte Preta,1-0,Paraná
2,15/05/10,América-RN,3-3,São Caetano
3,18/05/10,Paraná,3-0,Santo André
3,18/05/10,Portuguesa,2-2,Coritiba
3,21/05/10,Americana,2-1,Vila Nova
3,21/05/10,Bahia,1-1,Ponte Preta
3,21/05/10,Náutico,1-1,Bragantino
3,22/05/10,Icasa,2-2,América-RN
3,22/05/10,ASA,4-1,Sport
3,22/05/10,América-MG,1-0,Figueirense
3,22/05/10,São Caetano,2-1,Ipatinga
3,22/10/10,Brasiliense,2-0,Duque de Caxias
4,25/05/10,Ipatinga,1-2,ASA
4,25/05/10,Duque de Caxias,1-5,Paraná
4,25/05/10,Bragantino,1-1,São Caetano
4,25/05/10,Figueirense,1-2,Náutico
4,25/05/10,Ponte Preta,1-1,Americana
4,25/05/10,Coritiba,2-1,Brasiliense
4,25/05/10,Santo André,3-4,Portuguesa
4,25/05/10,América-RN,0-2,América-MG
4,25/05/10,Sport,1-2,Icasa
4,25/05/10,Vila Nova,0-4,Bahia
5,28/05/10,Paraná,1-0,Vila Nova
5,28/05/10,ASA,1-2,Coritiba
5,28/05/10,Portuguesa,2-0,Bragantino
5,28/05/10,Náutico,2-2,América-RN
5,29/05/10,Icasa,3-1,Duque de Caxias
5,29/05/10,Americana,3-1,Santo André
5,29/05/10,Bahia,2-0,Sport
5,29/05/10,São Caetano,3-1,Ponte Preta
5,29/05/10,Brasiliense,1-1,Figueirense
5,29/05/10,América-MG,4-0,Ipatinga
6,01/06/10,Icasa,4-0,Bahia
6,01/06/10,Vila Nova,0-3,Santo André
6,01/06/10,Portuguesa,1-0,América-MG
6,01/06/10,São Caetano,5-0,Náutico
6,01/06/10,Coritiba,2-1,Ponte Preta
6,01/06/10,Sport,1-0,Paraná
6,01/06/10,Ipatinga,3-0,Americana
6,01/06/10,Duque de Caxias,0-1,América-RN
6,01/06/10,Bragantino,2-2,Brasiliense
6,01/06/10,Figueirense,6-0,ASA
7,03/06/10,Paraná,2-1,Portuguesa
7,03/06/10,Bahia,0-1,Duque de Caxias
7,03/06/10,Brasiliense,1-1,São Caetano
7,03/06/10,Americana,2-2,Bragantino
7,05/06/10,Náutico,2-0,Ipatinga
7,05/06/10,América-MG,2-0,Vila Nova
7,05/06/10,Santo André,1-3,Coritiba
7,05/06/10,Ponte Preta,1-2,Figueirense
7,05/06/10,América-RN,0-5,Sport
7,05/06/10,ASA,3-0,Icasa
8,13/07/10,Brasiliense,1-1,América-MG
8,13/07/10,Ipatinga,1-3,Sport
8,13/07/10,Figueirense,2-0,Vila Nova
8,13/07/10,Duque de Caxias,3-2,Portuguesa
8,13/07/10,Icasa,3-0,Paraná
8,13/07/10,Coritiba,0-0,Bragantino
8,13/07/10,Náutico,2-1,ASA
8,13/07/10,Ponte Preta,3-0,América-RN
8,13/07/10,Americana,4-2,Bahia
8,13/07/10,São Caetano,3-2,Santo André
9,16/07/10,Bahia,3-0,São Caetano
9,16/07/10,Santo André,4-1,Duque de Caxias
9,16/07/10,América-RN,1-2,Coritiba
9,16/07/10,ASA,6-1,Brasiliense
9,17/07/10,Paraná,1-1,Americana
9,17/07/10,América-MG,1-2,Náutico
9,17/07/10,Vila Nova,2-2,Ipatinga
9,17/07/10,Portuguesa,3-1,Icasa
9,17/07/10,Sport,1-1,Ponte Preta
9,17/07/10,Bragantino,0-2,Figueirense
10,20/07/10,Brasiliense,3-0,Paraná
10,20/07/10,Figueirense,2-2,Santo André
10,23/07/10,América-RN,0-0,Bragantino
10,23/07/10,América-MG,2-0,Icasa
10,23/07/10,Ponte Preta,1-1,Ipatinga
10,24/07/10,Coritiba,2-1,Sport
10,24/07/10,São Caetano,2-0,ASA
10,24/07/10,Americana,1-1,Portuguesa
10,24/07/10,Náutico,3-2,Bahia
10/24/07/10,Duque de Caxias,1-0,Vila Nova,nan
11,27/07/10,Santo André,1-1,América-RN
11,27/07/10,Sport,1-2,Duque de Caxias
11,30/07/10,Vila Nova,0-1,Coritiba
11,30/07/10,Icasa,0-0,Americana
11,30/07/10,Portuguesa,3-1,São Caetano
11,31/07/10,ASA,2-1,América-MG
11,31/07/10,Paraná,4-0,Náutico
11,31/07/10,Bragantino,0-2,Ponte Preta
11,31/07/10,Bahia,2-2,Figueirense
11,31/10/10,Ipatinga,3-1,Brasiliense
12,03/08/10,Ponte Preta,2-0,Santo André
12,03/08/10,América-RN,1-3,Portuguesa
12,06/08/10,América-MG,2-1,Duque de Caxias
12,06/08/10,Bragantino,2-0,Ipatinga
12,07/08/10,ASA,0-1,Bahia
12,07/08/10,Brasiliense,3-0,Vila Nova
12,07/08/10,Náutico,1-1,Sport
12,07/08/10,Paraná,0-1,Coritiba
12,07/08/10,Figueirense,5-1,Icasa
12,07/10/10,São Caetano,3-1,Americana
13,10/08/10,Ipatinga,1-1,América-RN
13,10/08/10,Icasa,3-0,Brasiliense
13,10/08/10,Santo André,3-0,América-MG
13,10/08/10,Americana,1-0,Náutico
13,10/08/10,Coritiba,1-2,São Caetano
13,10/08/10,Sport,2-1,Figueirense
13,10/08/10,Duque de Caxias,2-1,Bragantino
13,10/08/10,Bahia,2-1,Paraná
13,10/08/10,Vila Nova,1-2,Ponte Preta
13,10/08/10,Portuguesa,2-0,ASA
14,13/08/10,ASA,2-0,Santo André
14,13/08/10,São Caetano,2-1,Icasa
14,13/08/10,Figueirense,5-0,Ipatinga
14,14/08/10,América-RN,1-2,Vila Nova
14,14/08/10,Brasiliense,2-2,Americana
14,14/08/10,Náutico,1-0,Portuguesa
14,14/08/10,Bragantino,0-0,Sport
14,14/08/10,Coritiba,2-0,Bahia
14,14/08/10,Ponte Preta,1-0,Duque de Caxias
14,14/08/10,América-MG,1-0,Paraná
15,17/08/10,Paraná,0-1,América-RN
15,17/08/10,Sport,4-1,São Caetano
15,20/08/10,Vila Nova,2-3,ASA
15,20/08/10,Duque de Caxias,2-2,Figueirense
15,20/08/10,Portuguesa,0-1,Ponte Preta
15,21/08/10,Americana,1-3,América-MG
15,21/08/10,Icasa,3-1,Náutico
15,21/08/10,Santo André,1-3,Bragantino
15,21/08/10,Ipatinga,5-1,Coritiba
15,21/08/10,Bahia,1-1,Brasiliense
16,24/08/10,Ipatinga,1-1,Santo André
16,24/08/10,ASA,1-2,Americana
16,24/08/10,São Caetano,2-2,Paraná
16,24/08/10,Bragantino,0-0,Icasa
16,24/08/10,Ponte Preta,2-0,Náutico
16,24/08/10,Sport,0-0,Vila Nova
16,24/08/10,América-RN,1-3,Figueirense
16,24/08/10,Coritiba,0-2,Duque de Caxias
16,24/08/10,Brasiliense,1-1,Portuguesa
16,24/08/10,Bahia,3-0,América-MG
17,27/08/10,Náutico,0-0,Brasiliense
17,27/08/10,Duque de Caxias,1-1,Ipatinga
17,27/08/10,América-MG,2-0,São Caetano
17,27/08/10,Icasa,2-0,Ponte Preta
17,28/08/10,Figueirense,2-0,Coritiba
17,28/08/10,Portuguesa,2-4,Bahia
17,28/08/10,Santo André,2-2,Sport
17,28/08/10,Americana,1-1,América-RN
17,28/08/10,Vila Nova,3-1,Bragantino
17,28/08/10,Paraná,2-1,ASA
18,31/08/10,Ponte Preta,2-0,Brasiliense
18,31/08/10,América-RN,1-0,ASA
18,31/08/10,Coritiba,3-0,Icasa
18,31/08/10,Vila Nova,2-1,Náutico
18,31/08/10,Duque de Caxias,1-0,São Caetano
18,31/08/10,Sport,1-0,América-MG
18,31/08/10,Bragantino,1-0,Paraná
18,31/08/10,Ipatinga,0-0,Portuguesa
18,31/08/10,Figueirense,2-2,Americana
18,31/08/10,Santo André,1-0,Bahia
19,03/09/10,América-MG,1-3,Ponte Preta
19,03/09/10,Bahia,1-1,Bragantino
19,03/09/10,Náutico,1-0,Santo André
19,03/09/10,São Caetano,1-2,Vila Nova
19,04/09/10,Paraná,1-1,Figueirense
19,04/09/10,Americana,1-0,Coritiba
19,04/09/10,Portuguesa,1-2,Sport
19,04/09/10,ASA,0-2,Duque de Caxias
19,04/09/10,Brasiliense,1-0,América-RN
19,04/09/10,Icasa,2-0,Ipatinga
20,07/09/10,Sport,3-0,Brasiliense
20,07/09/10,Vila Nova,2-1,Portuguesa
20,07/09/10,Ponte Preta,0-0,ASA
20,07/09/10,Santo André,1-1,Icasa
20,07/09/10,Ipatinga,1-2,Paraná
20,07/09/10,Duque de Caxias,1-2,Americana
20,07/09/10,América-RN,0-2,Bahia
20,07/09/10,Bragantino,1-2,América-MG
20,07/09/10,Coritiba,3-1,Náutico
20,07/09/10,Figueirense,1-0,São Caetano
21,10/09/10,Paraná,2-2,Ponte Preta
21,10/09/10,ASA,2-0,Bragantino
21,10/09/10,Náutico,0-2,Duque de Caxias
21,11/09/10,América-MG,1-1,Coritiba
21,11/09/10,Portuguesa,1-0,Figueirense
21,11/09/10,Americana,0-1,Sport
21,11/09/10,São Caetano,1-0,América-RN
21,11/09/10,Brasiliense,1-0,Santo André
21,11/09/10,Bahia,3-1,Ipatinga
21,11/09/10,Icasa,1-4,Vila Nova
22,14/09/10,Figueirense,0-1,América-MG
22,14/09/10,Santo André,3-1,Paraná
22,17/09/10,Vila Nova,1-0,Americana
22,17/09/10,Duque de Caxias,3-0,Brasiliense
22,17/09/10,Ipatinga,4-1,São Caetano
22,18/09/10,Ponte Preta,1-2,Bahia
22,18/09/10,Bragantino,3-0,Náutico
22,18/09/10,Coritiba,2-0,Portuguesa
22,18/09/10,Sport,2-0,ASA
22,18/09/10,América-RN,2-0,Icasa
23,21/09/10,Bahia,1-1,Vila Nova
23,21/09/10,Portuguesa,3-2,Santo André
23,21/09/10,Americana,2-3,Ponte Preta
23,21/09/10,Náutico,1-0,Figueirense
23,21/09/10,Brasiliense,0-1,Coritiba
23,21/09/10,São Caetano,0-0,Bragantino
23,21/09/10,Icasa,0-0,Sport
23,21/09/10,ASA,2-1,Ipatinga
23,21/09/10,América-MG,4-1,América-RN
23,21/09/10,Paraná,1-0,Duque de Caxias
24,24/09/10,Vila Nova,2-2,Paraná
24,24/09/10,Ponte Preta,1-2,São Caetano
24,24/09/10,Bragantino,2-0,Portuguesa
24/25/09/10,Sport Recife,1-2,Bahia,nan
24/25/09/10,América-RN,2-1,Náutico,nan
24/25/09/10,Figueirense,1-0,Brasiliense,nan
24/25/09/10,Coritiba,2-0,ASA,nan
24/25/09/10,Duque de Caxias,1-0,Icasa,nan
24/25/09/10,Ipatinga,1-1,América-MG,nan
24/25/09/10,Santo André,1-1,Americana,nan
25,28/09/10,Náutico,1-2,São Caetano
25,28/09/10,Ponte Preta,2-2,Coritiba
25,28/09/10,Brasiliense,0-4,Bragantino
25,28/09/10,Santo André,0-0,Vila Nova
25,28/09/10,Bahia,2-4,Icasa
25,28/09/10,ASA,1-2,Figueirense
25,28/09/10,América-MG,2-3,Portuguesa
25,28/09/10,América-RN,2-1,Duque de Caxias
25,28/09/10,Americana,2-1,Ipatinga
25,28/09/10,Paraná,0-2,Sport
26,01/10/10,Figueirense,4-2,Ponte Preta
26,01/10/10,Vila Nova,2-4,América-MG
26,01/10/10,Sport,3-0,América-RN
26,01/10/10,São Caetano,1-1,Brasiliense
26,01/10/10,Portuguesa,6-1,Paraná
26,02/10/10,Coritiba,3-2,Santo André
26,02/10/10,Ipatinga,2-1,Náutico
26,02/10/10,Duque de Caxias,0-0,Bahia
26,02/10/10,Bragantino,1-1,Americana
26,02/10/10,Icasa,0-1,ASA
27,05/10/10,ASA,2-0,Náutico
27,05/10/10,Portuguesa,0-2,Duque de Caxias
27,08/10/10,América-RN,1-1,Ponte Preta
27,08/10/10,Santo André,1-0,São Caetano
27,09/10/10,Bragantino,2-3,Coritiba
27,09/10/10,Bahia,2-1,Americana
27,09/10/10,Vila Nova,3-1,Figueirense
27,09/10/10,Sport,0-1,Ipatinga
27,09/10/10,Paraná,0-0,Icasa
27,09/10/10,América-MG,2-1,Brasiliense
28,12/10/10,Ipatinga,2-0,Vila Nova
28,12/10/10,Icasa,3-1,Portuguesa
28,12/10/10,Duque de Caxias,3-2,Santo André
28,12/10/10,Coritiba,5-1,América-RN
28,12/10/10,Americana,0-2,Paraná
28,12/10/10,Brasiliense,2-3,ASA
28,12/10/10,Náutico,2-1,América-MG
28,12/10/10,Ponte Preta,3-1,Sport
28,12/10/10,São Caetano,1-1,Bahia
28,12/10/10,Figueirense,0-0,Bragantino
29,15/10/10,Ipatinga,2-1,Ponte Preta
29,15/10/10,ASA,3-1,São Caetano
29,16/10/10,Sport,3-2,Coritiba
29,16/10/10,Santo André,0-2,Figueirense
29,16/10/10,Bahia,3-0,Náutico
29,16/10/10,Paraná,2-0,Brasiliense
29,16/10/10,Portuguesa,3-0,Americana
29,16/10/10,Icasa,2-2,América-MG
29,16/10/10,Bragantino,5-0,América-RN
29,16/10/10,Vila Nova,3-1,Duque de Caxias
30,19/10/10,Americana,1-1,Icasa
30,19/10/10,Brasiliense,1-0,Ipatinga
30,19/10/10,São Caetano,1-3,Portuguesa
30,19/10/10,Ponte Preta,0-1,Bragantino
30,19/10/10,Coritiba,5-1,Vila Nova
30,19/10/10,Figueirense,1-0,Bahia
30,19/10/10,Duque de Caxias,1-3,Sport
30,19/10/10,América-RN,2-0,Santo André
30,19/10/10,Náutico,1-4,Paraná
30,19/10/10,América-MG,1-3,ASA
31,22/10/10,Duque de Caxias,1-0,América-MG
31,22/10/10,Americana,0-0,São Caetano
31,22/10/10,Santo André,2-0,Ponte Preta
31,23/10/10,Coritiba,0-0,Paraná
31,23/10/10,Portuguesa,1-2,América-RN
31,23/10/10,Bahia,5-1,ASA
31,23/10/10,Icasa,3-1,Figueirense
31,23/10/10,Sport,1-1,Náutico
31,23/10/10,Vila Nova,4-0,Brasiliense
31,23/10/10,Ipatinga,2-1,Bragantino
32,26/10/10,América-MG,4-1,Santo André
32,26/10/10,Ponte Preta,2-2,Vila Nova
32,29/10/10,Paraná,0-1,Bahia
32,29/10/10,Náutico,0-1,Americana
32,29/10/10,Brasiliense,2-0,Icasa
32,30/10/10,Figueirense,0-0,Sport
32,30/10/10,ASA,1-1,Portuguesa
32,30/10/10,São Caetano,3-1,Coritiba
32,30/10/10,Bragantino,4-1,Duque de Caxias
32,30/10/10,América-RN,0-1,Ipatinga
33,02/11/10,Sport,2-0,Bragantino
33,02/11/10,Vila Nova,2-1,América-RN
33,02/11/10,Santo André,3-0,ASA
33,02/11/10,Icasa,1-1,São Caetano
33,02/11/10,Ipatinga,0-2,Figueirense
33,02/11/10,Portuguesa,3-1,Náutico
33,02/11/10,Bahia,1-1,Coritiba
33,02/11/10,Duque de Caxias,3-2,Ponte Preta
33,02/11/10,Paraná,1-0,América-MG
33,02/11/10,Americana,0-1,Brasiliense
34,05/11/10,América-MG,3-1,Americana
34,05/11/10,Coritiba,3-0,Ipatinga
34,05/11/10,América-RN,1-0,Paraná
34,06/11/10,Náutico,1-0,Icasa
34,06/11/10,Brasiliense,3-2,Bahia
34,06/11/10,Ponte Preta,0-2,Portuguesa
34,06/11/10,São Caetano,2-1,Sport
34,06/11/10,ASA,2-1,Vila Nova
34,06/11/10,Bragantino,3-1,Santo André
34,06/11/10,Figueirense,0-0,Duque de Caxias
35,09/11/10,Figueirense,4-0,América-RN
35,09/11/10,Vila Nova,1-1,Sport
35,09/11/10,Portuguesa,3-1,Brasiliense
35,09/11/10,Santo André,2-2,Ipatinga
35,09/11/10,Duque de Caxias,2-3,Coritiba
35,09/11/10,América-MG,0-1,Bahia
35,09/11/10,Icasa,2-1,Bragantino
35,09/11/10,Paraná,1-0,São Caetano
35,09/11/10,Náutico,1-1,Ponte Preta
35,09/11/10,Americana,0-2,ASA
36,12/11/10,São Caetano,0-0,América-MG
36,12/11/10,Sport,1-1,Santo André
36,12/11/10,Ipatinga,2-0,Duque de Caxias
36,12/11/10,Bragantino,5-1,Vila Nova
36,13/11/10,Coritiba,2-1,Figueirense
36,13/11/10,Brasiliense,0-1,Náutico
36,13/11/10,Ponte Preta,0-1,Icasa
36,13/11/10,América-RN,5-2,Americana
36,13/11/10,ASA,0-1,Paraná
36,13/11/10,Bahia,3-0,Portuguesa
37,20/11/10,Paraná,0-0,Bragantino
37,20/11/10,América-MG,2-1,Sport
37,20/11/10,Icasa,2-2,Coritiba
37,20/11/10,Náutico,4-1,Vila Nova
37,20/11/10,ASA,1-2,América-RN
37,20/11/10,Americana,2-2,Figueirense
37,20/11/10,São Caetano,1-0,Duque de Caxias
37,20/11/10,Portuguesa,2-1,Ipatinga
37,20/11/10,Bahia,1-2,Santo André
37,20/11/10,Brasiliense,2-1,Ponte Preta
38,26/11/10,Santo André,1-0,Náutico
38,26/11/10,Duque de Caxias,1-1,ASA
38,27/11/10,Ipatinga,2-2,Icasa
38,27/11/10,Coritiba,2-3,Americana
38,27/11/10,América-RN,1-2,Brasiliense
38,27/11/10,Vila Nova,2-1,São Caetano
38,27/11/10,Ponte Preta,0-0,América-MG
38,27/11/10,Figueirense,4-2,Paraná
38,27/11/10,Bragantino,2-0,Bahia
38,27/11/10,Sport,1-2,Portuguesa
