Fase,Rodada,Data,Time da Casa,Placar,Time Visitante
1ª,1,16/03/16,Confiança,1-0,Flamengo
1ª,1,16/03/16,Globo,0-0,Bahia
1ª,1,16/03/16,Rio Branco-ES,0-1,Santa Cruz
1ª,1,17/03/16,Ypiranga-RS,2-2,Atlético-GO
1ª,1,17/03/16,Brasil de Pelotas,0-1,Athletico-PR
1ª,1,05/04/16,Coruripe,0-1,Botafogo
1ª,1,06/04/16,Princesa-AM,1-2,Chapecoense
1ª,1,06/04/16,Resende,2-2,Ceará SC
1ª,1,06/04/16,Aparecidense,2-0,Sport Recife
1ª,1,06/04/16,Ivinhema,0-2,CRB
1ª,1,06/04/16,Tombense,0-3,Fluminense
1ª,2,06/04/16,Londrina,6-0,Parauapebas
1ª,2,06/04/16,Bahia,3-1,Globo
1ª,2,06/04/16,Santa Cruz,0-0,Rio Branco-ES
1ª,1,07/04/16,River-PI,2-1,Goiás
1ª,1,07/04/16,Caldense,1-2,Ponte Preta
1ª,2,07/04/16,Atlético-GO,0-2,Ypiranga-RS
1ª,2,07/04/16,Náutico,1-1,V. da Conquista
1ª,1,12/04/16,Operário-PR,2-1,Criciúma
1ª,1,13/04/16,Guarany Sobral,0-3,Coritiba
1ª,1,13/04/16,Remo,0-1,Vasco da Gama
1ª,2,13/04/16,Salgueiro,1-1,Ferroviária
1ª,1,14/04/16,Lajeadense,0-2,Figueirense
1ª,2,14/04/16,Ponte Preta,1-1,Caldense
1ª,2,14/04/16,Chapecoense,2-0,Princesa-AM
1ª,2,14/04/16,Athletico-PR,1-0,Brasil de Pelotas
1ª,1,19/04/16,Brasília,0-2,Bragantino
1ª,1,20/04/16,RB Brasil,1-1,América-MG
1ª,1,20/04/16,Campinense,0-0,Cruzeiro
1ª,2,20/04/16,Sampaio Corrêa,0-1,Inter de Lages
1ª,2,20/04/16,ABC,3-2,Goianésia
1ª,2,20/04/16,Flamengo,3-0,Confiança
1ª,1,21/04/16,Operário VG,1-0,Avaí
1ª,1,21/04/16,Santos-AP,1-1,Santos
1ª,2,21/04/16,Paraná,2-0,Estanciano
1ª,2,26/04/16,Ceará SC,1-1,Resende
1ª,2,26/04/16,Portuguesa,1-0,Parnahyba
1ª,1,27/04/16,Independente-PA,1-2,Paysandu
1ª,2,27/04/16,Vitória,3-1,Náutico-RR
1ª,2,27/04/16,Goiás,9-9 pen.,River-PI
1ª,2,27/04/16,Vasco da Gama,2-1,Remo
1ª,2,28/04/16,Avaí,2-0,Operário VG
1ª,2,28/04/16,América-MG,3-2,RB Brasil
1ª,2,28/04/16,Criciúma,1-1,Operário-PR
1ª,2,28/04/16,Sport Recife,1-2,Aparecidense
1ª,2,28/04/16,Fortaleza,2-0,Imperatriz
1ª,2,28/04/16,Santos,3-0,Santos-AP
1ª,2,28/04/16,Juventude,2-0,Tocantinópolis
1ª,2,28/04/16,Botafogo,1-1,Coruripe
1ª,2,30/04/16,Paysandu,2-0,Independente-PA
2ª,1,03/05/16,Bragantino,1-0,Avaí
2ª,1,04/05/16,Ferroviária,3-3,Fluminense
2ª,1,04/05/16,Fortaleza,2-1,Flamengo
1ª,2,04/05/16,Joinville,1-0,Comercial-MS
2ª,1,05/05/16,Genus,0-1,Ponte Preta
1ª,2,05/05/16,Cruzeiro,3-2,Campinense
2ª,1,10/05/16,Londrina,0-2,Cruzeiro
2ª,2,10/05/16,Avaí,1-1,Bragantino
2ª,1,11/05/16,Galvez,0-3,Santos
2ª,1,11/05/16,Paraná,2-1,Chapecoense
2ª,1,11/05/16,Sampaio Corrêa,1-2,Figueirense
2ª,1,11/05/16,Juventude,1-0,Coritiba
2ª,1,11/05/16,Joinville,0-1,Ceará SC
2ª,1,11/05/16,River-PI,0-1,Botafogo-PB
2ª,1,11/05/16,Dom Bosco,2-2,Athletico-PR
2ª,1,11/05/16,América-MG,0-0,Bahia
2ª,1,11/05/16,CRB,0-1,Vasco da Gama
2ª,1,11/05/16,V. da Conquista,0-2,Santa Cruz
2ª,1,12/05/16,Juazeirense,1-2,Botafogo
2ª,2,12/05/16,Ponte Preta,3-0,Genus
2ª,2,12/05/16,Fluminense,3-0,Ferroviária
1ª,2,14/05/16,Gama,1-0,América-RN
2ª,2,17/05/16,Ceará SC,1-0,Joinville
2ª,2,18/05/16,Chapecoense,2-0,Paraná
2ª,2,18/05/16,Vasco da Gama,1-1,CRB
2ª,2,18/05/16,Athletico-PR,5-0,Dom Bosco
2ª,2,18/05/16,Botafogo-PB,1-0,River-PI
2ª,2,18/05/16,Flamengo,1-2,Fortaleza
2ª,2,18/05/16,Bahia,0-1,América-MG
2ª,2,19/05/16,Coritiba,2-2,Juventude
2ª,2,19/05/16,Botafogo,1-0,Juazeirense
2ª,2,19/05/16,Vitória,3-1,Portuguesa
2ª,2,15/06/16,ABC,2-5 pen.,Gama
3ª,1,06/07/16,Fluminense,1-1,Ypiranga-RS
3ª,1,06/07/16,EC Vitória,1-2,Cruzeiro
2ª,2,06/07/16,Figueirense,1-0,Sampaio Corrêa
2ª,2,06/07/16,Paysandu,2-0,Operário-PR
3ª,1,07/07/16,América-MG,1-0,Fortaleza
3ª,1,13/07/16,Figueirense,0-0,Ponte Preta
3ª,1,13/07/16,Bragantino,2-2,Botafogo
3ª,1,13/07/16,Botafogo-PB,3-0,Ceará SC
3ª,1,13/07/16,Vasco da Gama,1-1,Santa Cruz
3ª,2,20/07/16,Ceará SC,0-0,Botafogo-PB
3ª,2,20/07/16,Cruzeiro,2-1,EC Vitória
3ª,1,20/07/16,Gama,0-0,Santos
3ª,2,21/07/16,Santa Cruz,2-3,Vasco da Gama
3ª,2,27/07/16,Chapecoense,1-1,Athletico-PR
3ª,2,27/07/16,Paysandu,1-2,Juventude
3ª,2,27/07/16,Ponte Preta,5-0,Figueirense
3ª,2,27/07/16,Botafogo,1-0,Bragantino
3ª,2,27/07/16,Santos,3-0,Gama
3ª,2,27/07/16,Ypiranga-RS,0-2,Fluminense
3ª,2,28/07/16,Fortaleza,4-1,América-MG
O,1,24/08/16,Santos,3-1,Vasco da Gama
O,1,24/08/16,Athletico-PR,0-1,Grêmio
O,1,24/08/16,São Paulo,1-2,Juventude
O,1,24/08/16,Atlético-MG,1-1,Ponte Preta
O,1,31/08/16,Palmeiras,3-0,Botafogo-PB
O,1,31/08/16,Fluminense,1-1,Corinthians
O,1,31/08/16,Internacional,3-0,Fortaleza
O,1,01/09/16,Botafogo,2-5,Cruzeiro
O,2,21/09/16,Ponte Preta,2-2,Atlético-MG
O,2,21/09/16,Vasco da Gama,2-2,Santos
O,2,21/09/16,Corinthians,1-0,Fluminense
O,2,21/09/16,Cruzeiro,1-0,Botafogo
O,2,22/09/16,Fortaleza,1-0,Internacional
O,2,22/09/16,Grêmio,0-1,Athletico-PR
O,2,22/09/16,Botafogo-PB,1-0,Palmeiras
O,2,23/09/16,Juventude,0-1,São Paulo
Q,1,28/09/16,Santos,2-1,Internacional
Q,1,28/09/16,Atlético-MG,1-0,Juventude
Q,1,28/09/16,Grêmio,2-1,Palmeiras
Q,1,28/09/16,Corinthians,2-1,Cruzeiro
Q,2,19/10/16,Juventude,1-1,Atlético-MG
Q,2,19/10/16,Internacional,2-0,Santos
Q,2,19/10/16,Palmeiras,1-1,Grêmio
Q,2,19/10/16,Cruzeiro,4-2,Corinthians
S,1,26/10/16,Cruzeiro,0-2,Grêmio
S,1,26/10/16,Internacional,1-2,Atlético-MG
S,2,02/11/16,Grêmio,0-0,Cruzeiro
S,2,02/11/16,Atlético-MG,2-2,Internacional
F,1,23/11/16,Atlético-MG,1-3,Grêmio
F,2,07/12/16,Grêmio,1-1,Atlético-MG