Fase,Rodada,Data,Time da Casa,Placar,Time Visitante
P,1,19/02/16,Real Noroeste,1-1,Rio Branco-AC
P,2,26/02/16,Rio Branco-AC,1-0,Real Noroeste
R1,1,16/03/16,Confiança,1-0,Flamengo
R1,1,16/03/16,Globo,0-0,Bahia
R1,1,16/03/16,Rio Branco-ES,0-1,Santa Cruz
R1,1,17/03/16,Ypiranga-RS,2-2,Atlético-GO
R1,1,17/03/16,Brasil de Pelotas,0-1,Athletico-PR
R1,1,05/04/16,Coruripe,0-1,Botafogo
R1,1,06/04/16,Princesa-AM,1-2,Chapecoense
R1,1,06/04/16,Resende,2-2,Ceará
R1,1,06/04/16,Aparecidense,2-0,Sport
R1,1,06/04/16,Ivinhema,0-2,CRB
R1,1,06/04/16,Tombense,0-3,Fluminense
R1,2,06/04/16,Londrina,6-0,Parauapebas
R1,2,06/04/16,Bahia,3-1,Globo
R1,2,06/04/16,Santa Cruz,0-0,Rio Branco-ES
R1,1,07/04/16,River-PI,2-1,Goiás
R1,1,07/04/16,Caldense,1-2,Ponte Preta
R1,2,07/04/16,Atlético-GO,0-2,Ypiranga-RS
R1,2,07/04/16,Náutico,1-1,Vitória da Conquista
R1,1,12/04/16,Operário-PR,2-1,Criciúma
R1,1,13/04/16,Guarany de Sobral,0-3,Coritiba
R1,1,13/04/16,Remo,0-1,Vasco
R1,2,13/04/16,Salgueiro,1-1,Ferroviária
R1,1,14/04/16,Lajeadense,0-2,Figueirense
R1,2,14/04/16,Ponte Preta,1-1,Caldense
R1,2,14/04/16,Chapecoense,2-0,Princesa-AM
R1,2,14/04/16,Athletico-PR,1-0,Brasil de Pelotas
R1,1,19/04/16,Brasília,0-2,Bragantino
R1,1,20/04/16,RB Brasil,1-1,América-MG
R1,1,20/04/16,Campinense,0-0,Cruzeiro
R1,2,20/04/16,Sampaio Corrêa,0-1,Inter de Lages
R1,2,20/04/16,ABC,3-2,Goianésia
R1,2,20/04/16,Flamengo,3-0,Confiança
R1,1,21/04/16,Operário VG,1-0,Avaí
R1,1,21/04/16,Santos-AP,1-1,Santos
R1,2,21/04/16,Paraná,2-0,Estanciano
R1,2,26/04/16,Ceará,1-1,Resende
R1,2,26/04/16,Portuguesa,1-0,Parnahyba
R1,1,27/04/16,Independente-PA,1-2,Paysandu
R1,2,27/04/16,Vitória,3-1,Náutico-RR
R1,2,27/04/16,Goiás,2-1,River-PI
R1,2,27/04/16,Vasco,2-1,Remo
R1,2,28/04/16,Avaí,2-0,Operário VG
R1,2,28/04/16,América-MG,3-2,RB Brasil
R1,2,28/04/16,Criciúma,1-1,Operário-PR
R1,2,28/04/16,Sport,1-2,Aparecidense
R1,2,28/04/16,Fortaleza,2-0,Imperatriz
R1,2,28/04/16,Santos,3-0,Santos-AP
R1,2,28/04/16,Juventude,2-0,Tocantinópolis
R1,2,28/04/16,Botafogo,1-1,Coruripe
R1,2,30/04/16,Paysandu,2-0,Independente-PA
R2,1,03/05/16,Bragantino,1-0,Avaí
R2,1,04/05/16,Ferroviária,3-3,Fluminense
R2,1,04/05/16,Fortaleza,2-1,Flamengo
R1,2,04/05/16,Joinville,1-0,Comercial-MS
R2,1,05/05/16,Genus,0-1,Ponte Preta
R1,2,05/05/16,Cruzeiro,3-2,Campinense
R2,1,10/05/16,Londrina,0-2,Cruzeiro
R2,2,10/05/16,Avaí,1-1,Bragantino
R2,1,11/05/16,Galvez,0-3,Santos
R2,1,11/05/16,Paraná,2-1,Chapecoense
R2,1,11/05/16,Sampaio Corrêa,1-2,Figueirense
R2,1,11/05/16,Juventude,1-0,Coritiba
R2,1,11/05/16,Joinville,0-1,Ceará
R2,1,11/05/16,River-PI,0-1,Botafogo-PB
R2,1,11/05/16,Dom Bosco,2-2,Athletico-PR
R2,1,11/05/16,América-MG,0-0,Bahia
R2,1,11/05/16,CRB,0-1,Vasco
R2,1,11/05/16,Vitória da Conquista,0-2,Santa Cruz
R2,1,12/05/16,Juazeirense,1-2,Botafogo
R2,2,12/05/16,Ponte Preta,3-0,Genus
R2,2,12/05/16,Fluminense,3-0,Ferroviária
R1,2,14/05/16,Gama,1-0,América-RN
R2,2,17/05/16,Ceará,1-0,Joinville
R2,2,18/05/16,Chapecoense,2-0,Paraná
R2,2,18/05/16,Vasco,1-1,CRB
R2,2,18/05/16,Athletico-PR,5-0,Dom Bosco
R2,2,18/05/16,Botafogo-PB,1-0,River-PI
R2,2,18/05/16,Flamengo,1-2,Fortaleza
R2,2,18/05/16,Bahia,0-1,América-MG
R2,2,19/05/16,Coritiba,2-2,Juventude
R2,2,19/05/16,Botafogo,1-0,Juazeirense
R2,2,19/05/16,Vitória,3-1,Portuguesa
R2,2,15/06/16,ABC,1-1,Gama
R3,1,06/07/16,Fluminense,1-1,Ypiranga-RS
R3,1,06/07/16,Vitória,1-2,Cruzeiro
R2,2,06/07/16,Figueirense,1-0,Sampaio Corrêa
R2,2,06/07/16,Paysandu,2-0,Operário-PR
R3,1,07/07/16,América-MG,1-0,Fortaleza
R3,1,13/07/16,Figueirense,0-0,Ponte Preta
R3,1,13/07/16,Bragantino,2-2,Botafogo
R3,1,13/07/16,Botafogo-PB,3-0,Ceará
R3,1,13/07/16,Vasco,1-1,Santa Cruz
R3,2,20/07/16,Ceará,0-0,Botafogo-PB
R3,2,20/07/16,Cruzeiro,2-1,Vitória
R3,1,20/07/16,Gama,0-0,Santos
R3,2,21/07/16,Santa Cruz,2-3,Vasco
R3,2,27/07/16,Chapecoense,1-1,Athletico-PR
R3,2,27/07/16,Paysandu,1-2,Juventude
R3,2,27/07/16,Ponte Preta,5-0,Figueirense
R3,2,27/07/16,Botafogo,1-0,Bragantino
R3,2,27/07/16,Santos,3-0,Gama
R3,2,27/07/16,Ypiranga-RS,0-2,Fluminense
R3,2,28/07/16,Fortaleza,4-1,América-MG
O,1,24/08/16,Santos,3-1,Vasco
O,1,24/08/16,Athletico-PR,0-1,Grêmio
O,1,24/08/16,São Paulo,1-2,Juventude
O,1,24/08/16,Atlético-MG,1-1,Ponte Preta
O,1,31/08/16,Palmeiras,3-0,Botafogo-PB
O,1,31/08/16,Fluminense,1-1,Corinthians
O,1,31/08/16,Internacional,3-0,Fortaleza
O,1,01/09/16,Botafogo,2-5,Cruzeiro
O,2,21/09/16,Ponte Preta,2-2,Atlético-MG
O,2,21/09/16,Vasco,2-2,Santos
O,2,21/09/16,Corinthians,1-0,Fluminense
O,2,21/09/16,Cruzeiro,1-0,Botafogo
O,2,22/09/16,Fortaleza,1-0,Internacional
O,2,22/09/16,Grêmio,0-1,Athletico-PR
O,2,22/09/16,Botafogo-PB,1-0,Palmeiras
O,2,23/09/16,Juventude,0-1,São Paulo
Q,1,28/09/16,Santos,2-1,Internacional
Q,1,28/09/16,Atlético-MG,1-0,Juventude
Q,1,28/09/16,Grêmio,2-1,Palmeiras
Q,1,28/09/16,Corinthians,2-1,Cruzeiro
Q,2,19/10/16,Juventude,1-1,Atlético-MG
Q,2,19/10/16,Internacional,2-0,Santos
Q,2,19/10/16,Palmeiras,1-1,Grêmio
Q,2,19/10/16,Cruzeiro,4-2,Corinthians
S,1,26/10/16,Cruzeiro,0-2,Grêmio
S,1,26/10/16,Internacional,1-2,Atlético-MG
S,2,02/11/16,Grêmio,0-0,Cruzeiro
S,2,02/11/16,Atlético-MG,2-2,Internacional
F,1,23/11/16,Atlético-MG,1-3,Grêmio
F,2,07/12/16,Grêmio,1-1,Atlético-MG
